motif	cluster
MA0002.1.RUNX1	RUNX
MA0511.1.RUNX2	RUNX
MA0684.1.RUNX3	RUNX
MA0511.2.RUNX2	RUNX
MA0684.2.RUNX3	RUNX
MA0003.1.TFAP2A	TFAP2
MA0810.1.TFAP2A	TFAP2
MA0811.1.TFAP2B	TFAP2
MA0813.1.TFAP2B	TFAP2
MA0524.2.TFAP2C	TFAP2
MA0815.1.TFAP2C	TFAP2
MA0872.1.TFAP2A	TFAP2
MA0017.1.NR2F1	NR2_ER1
MA0484.1.HNF4G	HNF4
MA0114.2.HNF4A	HNF4
MA0114.4.HNF4A	HNF4
MA0484.2.HNF4G	HNF4
MA0018.1.CREB1	ATF_v1
MA0018.2.CREB1	ATF_v1
MA1143.1.FOSL1::JUND	ATF_v1
MA0024.1.E2F1	E2F_v2
MA0758.1.E2F7	E2F_v1
MA0865.1.E2F8	E2F_v1
MA1116.1.RBPJ	RBPJ_ZNF75
MA1154.1.ZNF282	ZNF282
MA1601.1.ZNF75D	RBPJ_ZNF75
MA1601.2.ZNF75D	RBPJ_ZNF75
MA0025.1.NFIL3	HLF_like
MA0043.1.HLF	HLF_like
MA0639.1.DBP	HLF_like
MA0043.2.HLF	HLF_like
MA0843.1.TEF	HLF_like
MA0028.1.ELK1	ETS
MA1943.1.ETV2::HOXB13	ETS_HOX_v2
MA0030.1.FOXF2	FOX
MA0148.1.FOXA1	FOX
MA0148.2.FOXA1	FOX
MA0481.1.FOXP1	FOX
MA0148.3.FOXA1	FOX
MA0845.1.FOXB1	FOX
MA0032.2.FOXC1	FOX
MA0846.1.FOXC2	FOX
MA0847.2.FOXD2	FOX
MA0031.1.FOXD1	FOX
MA0157.1.FOXO3	FOX
MA0613.1.FOXG1	FOX
MA0042.2.FOXI1	FOX
MA0033.2.FOXL1	FOX
MA0157.2.FOXO3	FOX
MA0847.1.FOXD2	FOX
MA0848.1.FOXO4	FOX
MA0849.1.FOXO6	FOX
MA0850.1.FOXP3	FOX
MA1489.1.FOXN3	FOX
MA0479.1.FOXH1	FOXH
MA1125.1.ZNF384	ZNF384
MA1588.1.ZNF136	ZNF136
MA1718.1.ZNF8	ZNF8
MA1729.1.ZNF680	ZNF680
MA1974.1.ZNF211	ZNF211
MA0036.1.GATA2	GATA_v1
MA0037.1.GATA3	GATA_v1
MA0719.1.RHOXF1	RHOXF1
MA0038.2.GFI1	GFI1
MA1720.1.ZNF85	ZNF85
MA0042.1.FOXI1	FOX
MA1487.1.FOXE1	FOX
MA0041.2.FOXD3	FOX
MA0847.3.FOXD2	FOX
MA1487.2.FOXE1	FOX
MA0048.1.NHLH1	BHLH_v6
MA0048.2.NHLH1	BHLH_v6
MA1100.1.ASCL1	BHLH_v6
MA1529.1.NHLH2	BHLH_v6
MA1100.2.ASCL1	BHLH_v6
MA1635.1.BHLHE22	BHLH_v6
MA1641.1.MYF5	BHLH_v6
MA0500.2.MYOG	BHLH_v6
MA0050.1.IRF1	IRF_STAT
MA0051.1.IRF2	IRF_STAT
MA0137.1.STAT1	IRF_STAT
MA0517.1.STAT1::STAT2	IRF_STAT
MA0050.2.IRF1	IRF_STAT
MA0652.1.IRF8	IRF_STAT
MA0653.1.IRF9	IRF_STAT
MA0772.1.IRF7	IRF_STAT
MA1418.1.IRF3	IRF_STAT
MA1419.1.IRF4	IRF_STAT
MA1420.1.IRF5	IRF_STAT
MA1509.1.IRF6	IRF_STAT
MA0052.1.MEF2A	MEF
MA0497.1.MEF2C	MEF
MA0052.2.MEF2A	MEF
MA0660.1.MEF2B	MEF
MA0052.3.MEF2A	MEF
MA0773.1.MEF2D	MEF
MA0052.4.MEF2A	MEF
MA0056.1.MZF1	MZF1
MA1117.1.RELB	RELB
MA1719.1.ZNF816	ZNF816
MA0056.2.MZF1	MZF1
MA0058.1.MAX	BHLH_v1
MA0059.1.MAX::MYC	BHLH_v1
MA0093.1.USF1	BHLH_v1
MA0819.1.CLOCK	BHLH_v1
MA0058.3.MAX	BHLH_v1
MA0825.1.MNT	BHLH_v1
MA1108.1.MXI1	BHLH_v1
MA0147.3.MYC	BHLH_v1
MA0104.4.MYCN	BHLH_v1
MA0819.2.CLOCK	BHLH_v1
MA0060.1.NFYA	NFY
MA0502.1.NFYB	NFY
MA0060.2.NFYA	NFY
MA0060.3.NFYA	NFY
MA1644.1.NFYC	NFY
MA0502.2.NFYB	NFY
MA0105.1.NFKB1	NFKB_REL
MA0101.1.REL	NFKB_REL
MA0105.2.NFKB1	NFKB_REL
MA0107.1.RELA	NFKB_REL
MA0105.3.NFKB1	NFKB_REL
MA0105.4.NFKB1	NFKB_REL
MA0778.1.NFKB2	NFKB_REL
MA0062.1.GABPA	ETS
MA0076.2.ELK4	ETS
MA0645.1.ETV6	ETS
MA0750.2.ZBTB7A	ETS
MA1708.1.ETV7	ETS
MA0765.2.ETV5	ETS
MA1933.1.ELK1::SREBF2	ETS_SREBF
MA0065.1.PPARG::RXRA	NR_DR1
MA0115.1.NR1H2::RXRA	NR_DR1
MA0504.1.NR2C2	NR_DR1
MA0855.1.RXRB	NR_DR1
MA0856.1.RXRG	NR_DR1
MA1148.1.PPARA::RXRA	NR_DR1
MA1537.1.NR2F1	NR_DR1
MA1550.1.PPARD	NR_DR1
MA1574.1.THRB	NR_DR1
MA0066.1.PPARG	NR_IR3
MA0112.1.ESR1	NR_IR3
MA0112.2.ESR1	NR_IR3
MA0258.1.ESR2	NR_IR3
MA0258.2.ESR2	NR_IR3
MA0112.3.ESR1	NR_IR3
MA0069.1.PAX6	PAX_v1
MA0014.2.PAX5	PAX_v1
MA0779.1.PAX1	PAX_v1
MA0781.1.PAX9	PAX_v1
MA0014.3.PAX5	PAX_v1
MA0067.2.PAX2	PAX_v1
MA0070.1.PBX1	MEIS_PBX
MA1639.1.MEIS1	MEIS_PBX
MA1640.1.MEIS2	MEIS_PBX
MA1113.2.PBX2	MEIS_PBX
MA0071.1.RORA	NR_half
MA0159.1.RARA::RXRA	NR_DR5
MA0160.1.NR4A2	NR_half
MA0017.2.NR2F1	NR_half
MA0730.1.RARA	NR_DR5
MA1149.1.RARA::RXRG	NR_DR5
MA1535.1.NR2C1	NR_half
MA1536.1.NR2C2	NR_half
MA0072.1.RORA	NR_half
MA0074.1.RXRA::VDR	NR_DR2
MA1150.1.RORB	NR_half
MA1151.1.RORC	NR_half
MA0693.2.VDR	NR_half
MA1533.1.NR1I2	NR1_ER3
MA1534.1.NR1I3	NR1_half
MA1575.1.THRB	NR_ER5
MA1984.1.ZNF667	ZNF667
MA0073.1.RREB1	ZF_v2
MA0130.1.ZNF354C	ZNF354C
MA0694.1.ZBTB7B	ZBTB_GLI
MA0695.1.ZBTB7C	ZBTB_GLI
MA0734.1.GLI2	ZBTB_GLI
MA0750.1.ZBTB7A	ZBTB_GLI
MA1514.1.KLF17	SP_KLF_v2
MA1600.1.ZNF684	ZNF684
MA1650.1.ZBTB14	ZBTB14
MA0076.1.ELK4	ETS
MA0598.2.EHF	ETS
MA0640.1.ELF3	ETS
MA0641.1.ELF4	ETS
MA0136.2.ELF5	ETS
MA0686.1.SPDEF	ETS
MA0473.2.ELF1	ETS
MA0762.1.ETV2	ETS
MA1483.1.ELF2	ETS
MA1484.1.ETS2	ETS
MA1483.2.ELF2	ETS
MA0077.1.SOX9	SOX
MA0084.1.SRY	SOX
MA0442.1.SOX10	SOX
MA0866.1.SOX21	SOX
MA0867.1.SOX4	SOX
MA0868.1.SOX8	SOX
MA1152.1.SOX15	SOX
MA1561.1.SOX12	SOX
MA1562.1.SOX14	SOX
MA1563.1.SOX18	SOX
MA1580.1.ZBTB32	ZBTB32
MA0868.2.SOX8	SOX
MA1563.2.SOX18	SOX
MA0079.1.SP1	SP_KLF_v1
MA0753.1.ZNF740	ZF_v2
MA1522.1.MAZ	ZF_v3
MA1578.1.VEZF1	ZF_v2
MA0753.2.ZNF740	ZF_v2
MA1653.1.ZNF148	ZF_v3
MA0039.4.KLF4	SP_KLF_v1
MA1630.2.ZNF281	ZF_v3
MA0080.1.SPI1	SPI
MA0081.1.SPIB	SPI
MA0156.1.FEV	ETS
MA0080.2.SPI1	SPI
MA0598.1.EHF	ETS
MA0080.4.SPI1	SPI
MA0687.1.SPIC	SPI
MA0764.2.ETV4	ETS
MA0083.1.SRF	SRF
MA0083.2.SRF	SRF
MA0083.3.SRF	SRF
MA0090.1.TEAD1	TEAD
MA0090.2.TEAD1	TEAD
MA0808.1.TEAD3	TEAD
MA0809.1.TEAD4	TEAD
MA1121.1.TEAD2	TEAD
MA0090.3.TEAD1	TEAD
MA0809.2.TEAD4	TEAD
MA0091.1.TAL1::TCF3	BHLH_v1
MA0058.2.MAX	BHLH_v1
MA1524.1.MSGN1	BHLH_v1
MA1570.1.TFAP4	BHLH_v1
MA1108.2.MXI1	BHLH_v1
MA0095.1.YY1	YY1_YY2
MA0095.2.YY1	YY1_YY2
MA0748.1.YY2	YY1_YY2
MA1651.1.ZFP42	YY1_YY2
MA0748.2.YY2	YY1_YY2
MA0106.1.TP53	TP53_like
MA0525.1.TP63	TP53_like
MA0106.2.TP53	TP53_like
MA0525.2.TP63	TP53_like
MA0106.3.TP53	TP53_like
MA0861.1.TP73	TP53_like
MA0113.1.NR3C1	NR3C
MA0007.2.AR	NR3C
MA0113.3.NR3C1	NR3C
MA0727.1.NR3C2	NR3C
MA0119.1.NFIC::TLX1	NFI
MA0161.1.NFIC	NFI
MA0670.1.NFIA	NFI
MA0671.1.NFIX	NFI
MA0161.2.NFIC	NFI
MA1527.1.NFIC	NFI
MA1528.1.NFIX	NFI
MA1643.1.NFIB	NFI
MA0124.1.NKX3-1	NKX_v1
MA0158.1.HOXA5	HOXA5
MA0895.1.HMBOX1	HMBOX1
MA1963.1.SATB1	SATB1
MA1975.1.ZNF214	ZNF214
MA1978.1.ZNF354A	ZNF354A
MA0131.1.HINFP	HINFP
MA0131.2.HINFP	HINFP
MA1938.1.ERF::NHLH1	ERF_NHLH1
MA0138.1.REST	REST
MA0138.2.REST	REST
MA0139.1.CTCF	CTCF
MA1929.1.CTCF	CTCF
MA1930.1.CTCF	CTCF
MA0149.1.EWSR1-FLI1	ZF_v1
MA1585.1.ZKSCAN1	ZKSCAN1
MA1589.1.ZNF140	ZNF140
MA1717.1.ZNF784	ZNF784
MA1983.1.ZNF582	ZNF582
MA0137.2.STAT1	STAT
MA0137.3.STAT1	STAT
MA0144.2.STAT3	STAT
MA0731.1.BCL6B	BCL6
MA0463.2.BCL6	BCL6
MA0150.1.NFE2L2	AP-1
MA0099.2.FOS::JUN	AP-1
MA0501.1.MAF::NFE2	AP-1
MA1101.1.BACH2	AP-1
MA1633.1.BACH1	AP-1
MA0496.3.MAFK	AP-1
MA0089.2.MAFG::NFE2L1	AP-1
MA0152.1.NFATC2	NFAT
MA0625.1.NFATC3	NFAT
MA1525.1.NFATC4	NFAT
MA0625.2.NFATC3	NFAT
MA1525.2.NFATC4	NFAT
MA0153.1.HNF1B	HNF1
MA0046.2.HNF1A	HNF1
MA0153.2.HNF1B	HNF1
MA0683.1.POU4F2	POU_v1
MA0790.1.POU4F1	POU_v1
MA0791.1.POU4F3	POU_v1
MA0155.1.INSM1	INSM1
MA1102.1.CTCFL	CTCFL
MA1102.2.CTCFL	CTCFL
MA0163.1.PLAG1	PLAG1
MA0154.2.EBF1	EBF
MA0154.3.EBF1	EBF
MA1548.1.PLAGL2	PLAGL2
MA1637.1.EBF3	EBF
MA0154.4.EBF1	EBF
MA1976.1.ZNF320	ZNF320
MA1986.1.ZNF692	ZNF320
MA0079.2.SP1	SP_KLF_v1
MA0516.1.SP2	SP_KLF_v1
MA0162.2.EGR1	SP_KLF_v1
MA0079.3.SP1	SP_KLF_v1
MA0599.1.KLF5	SP_KLF_v1
MA1513.1.KLF15	SP_KLF_v1
MA0516.2.SP2	SP_KLF_v1
MA1959.1.KLF7	SP_KLF_v1
MA1961.1.PATZ1	SP_KLF_v1
MA0079.5.SP1	SP_KLF_v1
MA0493.2.KLF1	SP_KLF_v1
MA0516.3.SP2	SP_KLF_v1
MA0685.2.SP4	SP_KLF_v1
MA0740.2.KLF14	SP_KLF_v1
MA0742.2.KLF12	SP_KLF_v1
MA1511.2.KLF10	SP_KLF_v1
MA0259.1.ARNT::HIF1A	HIF1A
MA1106.1.HIF1A	HIF1A
MA0632.2.TCFL5	TCFL5
MA0462.1.BATF::JUN	AP-1
MA0476.1.FOS	AP-1
MA0477.1.FOSL1	AP-1
MA0478.1.FOSL2	AP-1
MA0489.1.JUN	AP-1
MA0490.1.JUNB	AP-1
MA0491.1.JUND	AP-1
MA0655.1.JDP2	AP-1
MA0841.1.NFE2	AP-1
MA1132.1.JUN::JUNB	AP-1
MA1142.1.FOSL1::JUND	AP-1
MA1101.2.BACH2	AP-1
MA0462.2.BATF::JUN	AP-1
MA1634.1.BATF	AP-1
MA0835.2.BATF3	AP-1
MA1928.1.BNC2	AP-1
MA1633.2.BACH1	AP-1
MA0465.1.CDX2	HD_v3
MA0650.1.HOXA13	HD_v3
MA0878.1.CDX1	HD_v3
MA0899.1.HOXA10	HD_v3
MA0901.1.HOXB13	HD_v3
MA0909.1.HOXD13	HD_v3
MA1473.1.CDX4	HD_v3
MA0878.2.CDX1	HD_v3
MA0650.2.HOXA13	HD_v3
MA0909.2.HOXD13	HD_v3
MA0913.2.HOXD9	HD_v3
MA0465.2.CDX2	HD_v3
MA0901.2.HOXB13	HD_v3
MA0878.3.CDX1	HD_v3
MA0466.1.CEBPB	CEBP
MA0102.3.CEBPA	CEBP
MA0102.4.CEBPA	CEBP
MA0836.2.CEBPD	CEBP
MA0043.3.HLF	HLF_like
MA0025.2.NFIL3	HLF_like
MA0468.1.DUX4	DUX
MA0713.1.PHOX2A	PHOX_PROP
MA0715.1.PROP1	PHOX_PROP
MA0884.1.DUXA	DUX
MA0681.2.PHOX2B	PHOX_PROP
MA0884.2.DUXA	DUX
MA0470.1.E2F4	E2F_v1
MA0471.1.E2F6	E2F_v1
MA0024.2.E2F1	E2F_v1
MA1122.1.TFDP1	E2F_v1
MA0471.2.E2F6	E2F_v1
MA0865.2.E2F8	E2F_v1
MA0473.1.ELF1	ETS
MA0475.1.FLI1	ETS
MA0598.3.EHF	ETS
MA0473.3.ELF1	ETS
MA0640.2.ELF3	ETS
MA0761.2.ETV1	ETS
MA0062.3.GABPA	ETS
MA0486.1.HSF1	HSF
MA0486.2.HSF1	HSF
MA0770.1.HSF2	HSF
MA0771.1.HSF4	HSF
MA0488.1.JUN	ATF_v1
MA0492.1.JUND	ATF_v1
MA1632.1.ATF2	ATF_v1
MA0018.4.CREB1	ATF_v1
MA0495.1.MAFF	MAF_NRL
MA0496.1.MAFK	MAF_NRL
MA0842.1.NRL	MAF_NRL
MA0842.2.NRL	MAF_NRL
MA0495.3.MAFF	MAF_NRL
MA0659.2.MAFG	MAF_NRL
MA0506.1.NRF1	NRF1
MA0863.1.MTF1	MTF1
MA1155.1.ZSCAN4	ZCAN4
MA1581.1.ZBTB6	ZBTB6
MA1712.1.ZNF454	ZNF454
MA1714.1.ZNF675	ZNF675
MA1649.1.ZBTB12	ZBTB12
MA1656.1.ZNF449	ZNF449
MA1726.1.ZNF331	ZNF331
MA1731.1.ZNF768	ZNF786
MA1972.1.ZFP14	ZFP14
MA1973.1.ZKSCAN3	ZKSCAN3
MA1979.1.ZNF416	ZNF416
MA1980.1.ZNF418	ZNF418
MA1982.1.ZNF574	ZNF574
MA0507.1.POU2F2	POU_v2
MA1115.1.POU5F1	POU_v2
MA0627.2.POU2F3	POU_v2
MA1962.1.POU2F1::SOX2	POU_v2
MA0508.1.PRDM1	PRDM1
MA0508.2.PRDM1	PRDM1
MA0508.3.PRDM1	PRDM1
MA0510.1.RFX5	RFX
MA0600.1.RFX2	RFX
MA0509.2.RFX1	RFX
MA0798.2.RFX3	RFX
MA0523.1.TCF7L2	TCF7_LEF
MA0768.1.LEF1	TCF7_LEF
MA1421.1.TCF7L1	TCF7_LEF
MA0769.2.TCF7	TCF7_LEF
MA0524.1.TFAP2C	TFAP2
MA0003.2.TFAP2A	TFAP2
MA0003.3.TFAP2A	TFAP2
MA0812.1.TFAP2B	TFAP2
MA0814.1.TFAP2C	TFAP2
MA1569.1.TFAP2E	TFAP2
MA0003.4.TFAP2A	TFAP2
MA0814.2.TFAP2C	TFAP2
MA0526.1.USF2	BHLH_v1
MA0093.2.USF1	BHLH_v1
MA0636.1.BHLHE41	BHLH_v1
MA0664.1.MLXIPL	BHLH_v1
MA0692.1.TFEB	BHLH_v1
MA0464.2.BHLHE40	BHLH_v1
MA0831.1.TFE3	BHLH_v1
MA0871.1.TFEC	BHLH_v1
MA0831.2.TFE3	BHLH_v1
MA1464.1.ARNT2	BHLH_v1
MA0871.2.TFEC	BHLH_v1
MA0526.4.USF2	BHLH_v1
MA0831.3.TFE3	BHLH_v1
MA0527.1.ZBTB33	ZBTB33_ZBED1
MA0749.1.ZBED1	ZBTB33_ZBED1
MA0794.1.PROX1	PROX1
MA0862.1.GMEB2	GMEB2
MA0528.1.ZNF263	ZF_v1
MA1587.1.ZNF135	ZNF135
MA1596.1.ZNF460	ZNF460
MA1710.1.ZNF257	ZF_v1
MA1723.1.PRDM9	ZF_v1
MA0528.2.ZNF263	ZF_v1
MA1965.1.SP5	ZF_v3
MA1981.1.ZNF530	ZF_v1
MA1987.1.ZNF701	ZF_v1
MA0036.2.GATA2	GATA
MA0037.2.GATA3	GATA
MA0140.2.GATA1::TAL1	GATA
MA0766.1.GATA5	GATA
MA0036.3.GATA2	GATA
MA1104.1.GATA6	GATA
MA0037.3.GATA3	GATA
MA0766.2.GATA5	GATA
MA0035.4.GATA1	GATA
MA0482.2.GATA4	GATA
MA1104.2.GATA6	GATA
MA1970.1.TRPS1	GATA
MA0103.2.ZEB1	BHLH_v5
MA0745.1.SNAI2	BHLH_v5
MA0820.1.FIGLA	BHLH_v5
MA0522.2.TCF3	BHLH_v5
MA0830.1.TCF4	BHLH_v5
MA0103.3.ZEB1	BHLH_v5
MA1558.1.SNAI1	BHLH_v5
MA1559.1.SNAI3	BHLH_v5
MA1631.1.ASCL1	BHLH_v5
MA1648.1.TCF12	BHLH_v5
MA0499.2.MYOD1	BHLH_v5
MA0745.2.SNAI2	BHLH_v5
MA0522.3.TCF3	BHLH_v5
MA0830.2.TCF4	BHLH_v5
MA0592.1.ESRRA	NR_half
MA0141.3.ESRRB	NR_half
MA0729.1.RARA	NR_DR2
MA1111.1.NR2F2	NR_half
MA1112.1.NR4A1	NR_half
MA1494.1.HNF4A	HNF4A
MA1540.1.NR5A1	NR_half
MA1541.1.NR6A1	NR_DR0
MA0592.3.ESRRA	NR_half
MA1112.2.NR4A1	NR_half
MA0160.2.NR4A2	NR_half
MA0593.1.FOXP2	FOX
MA0852.2.FOXK1	FOX
MA1103.1.FOXK2	FOX
MA0481.2.FOXP1	FOX
MA1683.1.FOXA3	FOX
MA0148.4.FOXA1	FOX
MA0047.3.FOXA2	FOX
MA1103.2.FOXK2	FOX
MA0481.3.FOXP1	FOX
MA0595.1.SREBF1	SREBF
MA0596.1.SREBF2	SREBF
MA0597.1.THAP1	THAP_HIC
MA0738.1.HIC2	THAP_HIC
MA1722.1.ZSCAN31	ZSCAN31
MA0597.2.THAP1	THAP_HIC
MA0610.1.DMRT3	DMRT
MA1478.1.DMRTA2	DMRT
MA1479.1.DMRTC2	DMRT
MA1707.1.DMRTA1	DMRT
MA0612.1.EMX1	HD_v1
MA0661.1.MEOX1	HD_v1
MA0706.1.MEOX2	HD_v1
MA0707.1.MNX1	HD_v1
MA0722.1.VAX1	HD_v1
MA0723.1.VAX2	HD_v1
MA0887.1.EVX1	HD_v1
MA0888.1.EVX2	HD_v1
MA1495.1.HOXA1	HD_v1
MA1496.1.HOXA4	HD_v1
MA1497.1.HOXA6	HD_v1
MA1499.1.HOXB4	HD_v1
MA1501.1.HOXB7	HD_v1
MA1504.1.HOXC4	HD_v1
MA1505.1.HOXC8	HD_v1
MA1507.1.HOXD4	HD_v1
MA0904.2.HOXB5	HD_v1
MA0618.1.LBX1	HD_v1
MA0628.1.POU6F1	HD_v1
MA0658.1.LHX6	HD_v1
MA0666.1.MSX1	HD_v1
MA0068.2.PAX4	HD_v1
MA0702.1.LMX1A	HD_v1
MA0703.1.LMX1B	HD_v1
MA0708.1.MSX2	HD_v1
MA0725.1.VSX1	HD_v1
MA0726.1.VSX2	HD_v1
MA0882.1.DLX6	HD_v1
MA1463.1.ARGFX	HD_v1
MA1476.1.DLX5	HD_v1
MA0900.2.HOXA2	HD_v1
MA0912.2.HOXD3	HD_v1
MA0700.2.LHX2	HD_v1
MA0642.2.EN2	HD_v1
MA0666.2.MSX1	HD_v1
MA0708.2.MSX2	HD_v1
MA0879.2.DLX1	HD_v1
MA0630.1.SHOX	HD_v1
MA0634.1.ALX3	HD_v1
MA0662.1.MIXL1	HD_v1
MA0701.1.LHX9	HD_v1
MA0716.1.PRRX1	HD_v1
MA0717.1.RAX2	HD_v1
MA0721.1.UNCX	HD_v1
MA0635.1.BARHL2	BARHL
MA0877.2.BARHL1	BARHL
MA0877.3.BARHL1	BARHL
MA0638.1.CREB3	ATF_v2
MA0839.1.CREB3L1	ATF_v2
MA0844.1.XBP1	ATF_v2
MA1466.1.ATF6	ATF_v2
MA1474.1.CREB3L4	ATF_v2
MA0027.2.EN1	HD_v1
MA0654.1.ISX	HD_v1
MA0700.1.LHX2	HD_v1
MA0710.1.NOTO	HD_v1
MA0718.1.RAX	HD_v1
MA0886.1.EMX2	HD_v1
MA0889.1.GBX1	HD_v1
MA0890.1.GBX2	HD_v1
MA0894.1.HESX1	HD_v1
MA1481.1.DRGX	HD_v1
MA1519.1.LHX5	HD_v1
MA1577.1.TLX2	HD_v1
MA0612.2.EMX1	HD_v1
MA0701.2.LHX9	HD_v1
MA0075.3.PRRX2	HD_v1
MA0644.2.ESX1	HD_v1
MA0642.1.EN2	HD_v1
MA0644.1.ESX1	HD_v1
MA0699.1.LBX2	HD_v1
MA0892.1.GSX1	HD_v1
MA0893.1.GSX2	HD_v1
MA0900.1.HOXA2	HD_v1
MA0902.1.HOXB2	HD_v1
MA0903.1.HOXB3	HD_v1
MA0475.2.FLI1	ETS
MA0759.1.ELK3	ETS
MA0760.1.ERF	ETS
MA0474.2.ERG	ETS
MA0098.3.ETS1	ETS
MA0761.1.ETV1	ETS
MA0763.1.ETV3	ETS
MA0764.1.ETV4	ETS
MA0765.1.ETV5	ETS
MA0156.2.FEV	ETS
MA0028.2.ELK1	ETS
MA0156.3.FEV	ETS
MA0759.2.ELK3	ETS
MA0764.3.ETV4	ETS
MA0765.3.ETV5	ETS
MA0646.1.GCM1	GCM
MA0767.1.GCM2	GCM
MA1583.1.ZFP57	ZFP57
MA1728.1.ZNF549	ZNF549
MA0647.1.GRHL1	GRHL_SIX
MA1105.1.GRHL2	GRHL_SIX
MA1118.1.SIX1	GRHL_SIX
MA1119.1.SIX2	GRHL_SIX
MA1105.2.GRHL2	GRHL_SIX
MA1968.1.TFCP2	GRHL_SIX
MA0648.1.GSC	HD_v2
MA0711.1.OTX1	HD_v2
MA0712.1.OTX2	HD_v2
MA0714.1.PITX3	HD_v2
MA0891.1.GSC2	HD_v2
MA1480.1.DPRX	HD_v2
MA1547.1.PITX2	HD_v2
MA0682.2.PITX1	HD_v2
MA0712.2.OTX2	HD_v2
MA1547.2.PITX2	HD_v2
MA0649.1.HEY2	BHLH_v1
MA0821.1.HES5	BHLH_v1
MA0822.1.HES7	BHLH_v1
MA0823.1.HEY1	BHLH_v1
MA1493.1.HES6	BHLH_v1
MA1560.1.SOHLH2	BHLH_v1
MA1099.2.HES1	BHLH_v1
MA0616.2.HES2	BHLH_v1
MA0821.2.HES5	BHLH_v1
MA0651.1.HOXC11	HD_v4
MA0873.1.HOXD12	HD_v4
MA0905.1.HOXC10	HD_v4
MA0906.1.HOXC12	HD_v4
MA0907.1.HOXC13	HD_v4
MA0908.1.HOXD11	HD_v4
MA1503.1.HOXB9	HD_v4
MA1506.1.HOXD10	HD_v4
MA0485.2.HOXC9	HD_v4
MA0651.2.HOXC11	HD_v4
MA0656.1.JDP2	ATF_v1
MA0834.1.ATF7	ATF_v1
MA0018.3.CREB1	ATF_v1
MA1126.1.FOS::JUN	ATF_v1
MA1127.1.FOSB::JUN	ATF_v1
MA1129.1.FOSL1::JUN	ATF_v1
MA1131.1.FOSL2::JUN	ATF_v1
MA1133.1.JUN::JUNB	ATF_v1
MA1136.1.FOSB::JUNB	ATF_v1
MA1139.1.FOSL2::JUNB	ATF_v1
MA1140.1.JUNB	ATF_v1
MA1145.1.FOSL2::JUND	ATF_v1
MA1470.1.BACH2	ATF_v1
MA1475.1.CREB3L4	ATF_v1
MA0605.2.ATF3	ATF_v1
MA1140.2.JUNB	ATF_v1
MA0609.2.CREM	ATF_v1
MA1951.1.FOS	ATF_v1
MA0657.1.KLF13	SP_KLF_v2
MA0685.1.SP4	SP_KLF_v2
MA0740.1.KLF14	SP_KLF_v2
MA0741.1.KLF16	SP_KLF_v2
MA0746.1.SP3	SP_KLF_v2
MA0747.1.SP8	SP_KLF_v2
MA1512.1.KLF11	SP_KLF_v2
MA1515.1.KLF2	SP_KLF_v2
MA1516.1.KLF3	SP_KLF_v2
MA1517.1.KLF6	SP_KLF_v2
MA1564.1.SP9	SP_KLF_v2
MA0079.4.SP1	SP_KLF_v2
MA0746.2.SP3	SP_KLF_v2
MA0659.1.MAFG	MAF_NRL
MA0495.2.MAFF	MAF_NRL
MA0496.2.MAFK	MAF_NRL
MA1520.1.MAF	MAF_NRL
MA1521.1.MAFA	MAF_NRL
MA0663.1.MLX	BHLH_v1
MA0828.1.SREBF2	BHLH_v1
MA0829.2.SREBF1	BHLH_v1
MA1939.1.ERF::SREBF2	ERF::SREBF2
MA0828.2.SREBF2	BHLH_v1
MA0665.1.MSC	BHLH_v2
MA0667.1.MYF6	BHLH_v2
MA0691.1.TFAP4	BHLH_v2
MA0100.3.MYB	MYB
MA1467.1.ATOH1	BHLH_v2
MA1472.1.BHLHA15	BHLH_v2
MA1485.1.FERD3L	BHLH_v2
MA0668.1.NEUROD2	BHLH_v3
MA0669.1.NEUROG2	BHLH_v3
MA0678.1.OLIG2	BHLH_v3
MA0817.1.BHLHE23	BHLH_v3
MA0818.1.BHLHE22	BHLH_v3
MA0826.1.OLIG1	BHLH_v3
MA0827.1.OLIG3	BHLH_v3
MA1468.1.ATOH7	BHLH_v3
MA1568.1.TCF21	BHLH_v3
MA0623.2.NEUROG1	BHLH_v3
MA0607.2.BHLHA15	BHLH_v3
MA0818.2.BHLHE22	BHLH_v3
MA0672.1.NKX2-3	NKX_v1
MA0673.1.NKX2-8	NKX_v1
MA0122.2.NKX3-2	NKX_v1
MA2003.1.NKX2-4	NKX_v1
MA0674.1.NKX6-1	HD_v1
MA0675.1.NKX6-2	HD_v1
MA0132.2.PDX1	HD_v1
MA0875.1.BARX1	HD_v1
MA0876.1.BSX	HD_v1
MA1498.1.HOXA7	HD_v1
MA1500.1.HOXB6	HD_v1
MA1502.1.HOXB8	HD_v1
MA1518.1.LHX1	HD_v1
MA0893.2.GSX2	HD_v1
MA0158.2.HOXA5	HD_v1
MA0902.2.HOXB2	HD_v1
MA0910.2.HOXD8	HD_v1
MA0707.2.MNX1	HD_v1
MA0723.2.VAX2	HD_v1
MA1498.2.HOXA7	HD_v1
MA0679.1.ONECUT1	ONECUT_CUX
MA0754.1.CUX1	ONECUT_CUX
MA0755.1.CUX2	ONECUT_CUX
MA0756.1.ONECUT2	ONECUT_CUX
MA0757.1.ONECUT3	ONECUT_CUX
MA0679.2.ONECUT1	ONECUT_CUX
MA0754.2.CUX1	ONECUT_CUX
MA0756.2.ONECUT2	ONECUT_CUX
MA0680.1.PAX7	PAX_v2
MA0780.1.PAX3	PAX_v2
MA0009.2.TBXT	TBX
MA0804.1.TBX19	TBX
MA0806.1.TBX4	TBX
MA0807.1.TBX5	TBX
MA1566.1.TBX3	TBX
MA1567.1.TBX6	TBX
MA0688.1.TBX2	TBX
MA0689.1.TBX20	TBX
MA0690.1.TBX21	TBX
MA0800.1.EOMES	TBX
MA0801.1.MGA	TBX
MA0802.1.TBR1	TBX
MA0803.1.TBX15	TBX
MA0805.1.TBX1	TBX
MA1565.1.TBX18	TBX
MA0690.2.TBX21	TBX
MA1566.2.TBX3	TBX
MA0696.1.ZIC1	ZIC
MA0697.1.ZIC3	ZIC
MA0751.1.ZIC4	ZIC
MA1584.1.ZIC5	ZIC
MA0698.1.ZBTB18	BHLH_v4
MA1109.1.NEUROD1	BHLH_v4
MA1123.1.TWIST1	BHLH_v4
MA1638.1.HAND2	BHLH_v4
MA1642.1.NEUROG2	BHLH_v4
MA1123.2.TWIST1	BHLH_v4
MA0724.1.VENTX	HD_v1
MA0914.1.ISL2	HD_v1
MA1471.1.BARX2	HD_v1
MA0472.2.EGR2	EGR
MA0732.1.EGR3	EGR
MA0733.1.EGR4	EGR
MA0162.3.EGR1	EGR
MA0162.4.EGR1	EGR
MA0735.1.GLIS1	GLIS
MA0736.1.GLIS2	GLIS
MA0737.1.GLIS3	GLIS
MA1491.1.GLI3	ZBTB_GLI
MA0734.2.GLI2	ZBTB_GLI
MA1491.2.GLI3	ZBTB_GLI
MA0743.1.SCRT1	SCRT
MA0744.1.SCRT2	SCRT
MA0743.2.SCRT1	SCRT
MA0744.2.SCRT2	SCRT
MA0088.2.ZNF143	ZNF143_ZNF76
MA0752.1.ZNF410	ZNF410
MA1716.1.ZNF76	ZNF143_ZNF76
MA0469.2.E2F3	E2F_v2
MA0024.3.E2F1	E2F_v2
MA0864.1.E2F2	E2F_v2
MA0864.2.E2F2	E2F_v2
MA0469.3.E2F3	E2F_v2
MA0470.2.E2F4	E2F_v2
MA1727.1.ZNF417	E2F_v2
MA0498.2.MEIS1	MEIS_PBX_v2
MA0774.1.MEIS2	MEIS_PBX_v2
MA0775.1.MEIS3	MEIS_PBX_v2
MA1113.1.PBX2	MEIS_PBX_v2
MA1114.1.PBX3	MEIS_PBX_v2
MA0782.2.PKNOX1	MEIS_PBX_v2
MA0776.1.MYBL1	MYBL
MA0777.1.MYBL2	MYBL
MA1544.1.OVOL1	OVOL
MA1545.1.OVOL2	OVOL
MA0782.1.PKNOX1	PKNOX_TGIF
MA0783.1.PKNOX2	PKNOX_TGIF
MA0796.1.TGIF1	PKNOX_TGIF
MA0797.1.TGIF2	PKNOX_TGIF
MA1571.1.TGIF2LX	PKNOX_TGIF
MA1572.1.TGIF2LY	PKNOX_TGIF
MA0784.1.POU1F1	POU_v2
MA0785.1.POU2F1	POU_v2
MA0786.1.POU3F1	POU_v2
MA0787.1.POU3F2	POU_v2
MA0788.1.POU3F3	POU_v2
MA0789.1.POU3F4	POU_v2
MA0792.1.POU5F1B	POU_v2
MA0507.2.POU2F2	POU_v2
MA0784.2.POU1F1	POU_v2
MA0793.1.POU6F2	HBOX_v1
MA1530.1.NKX6-3	HBOX_v1
MA1549.1.POU6F1	HBOX_v1
MA0702.2.LMX1A	HBOX_v1
MA0703.2.LMX1B	HBOX_v1
MA0600.2.RFX2	RFX
MA0798.1.RFX3	RFX
MA0799.1.RFX4	RFX
MA0510.2.RFX5	RFX
MA0509.3.RFX1	RFX
MA0798.3.RFX3	RFX
MA0795.1.SMAD3	SMAD
MA1557.1.SMAD5	SMAD
MA1602.1.ZSCAN29	SMAD
MA0833.1.ATF4	ATF_v3
MA1636.1.CEBPG	ATF_v3
MA0833.2.ATF4	ATF_v3
MA0466.2.CEBPB	CEBP
MA0836.1.CEBPD	CEBP
MA0837.1.CEBPE	CEBP
MA0838.1.CEBPG	CEBP
MA0466.3.CEBPB	CEBP
MA0837.2.CEBPE	CEBP
MA0039.3.KLF4	SP_KLF_v2
MA1107.1.KLF9	SP_KLF_v2
MA1511.1.KLF10	SP_KLF_v2
MA1107.2.KLF9	SP_KLF_v2
MA0620.2.MITF	BHLH_v1
MA0526.2.USF2	BHLH_v1
MA0620.3.MITF	BHLH_v1
MA0093.3.USF1	BHLH_v1
MA0526.3.USF2	BHLH_v1
MA1110.1.NR1H4	NR_half
MA1146.1.NR1H4::RXRA	NR_IR1
MA1147.1.NR4A2::RXRA	NR_IR1
MA1538.1.NR2F1	NR_IR1
MA1539.1.NR2F6	NR_IR1
MA0442.2.SOX10	SOX
MA1120.1.SOX13	SOX
MA0867.2.SOX4	SOX
MA0143.4.SOX2	SOX
MA1124.1.ZNF24	ZNF24
MA1592.1.ZNF274	ZNF274
MA1657.1.ZNF652	ZNF652
MA0099.3.FOS::JUN	AP-1
MA1128.1.FOSL1::JUN	AP-1
MA1130.1.FOSL2::JUN	AP-1
MA1134.1.FOS::JUNB	AP-1
MA1135.1.FOSB::JUNB	AP-1
MA1137.1.FOSL1::JUNB	AP-1
MA1138.1.FOSL2::JUNB	AP-1
MA1141.1.FOS::JUND	AP-1
MA1144.1.FOSL2::JUND	AP-1
MA0477.2.FOSL1	AP-1
MA0490.2.JUNB	AP-1
MA0491.2.JUND	AP-1
MA1508.1.IKZF1	ETS_FOX
MA1936.1.ERF::FOXO1	ETS_FOX
MA1942.1.ETV2::FOXI1	ETS_FOX
MA1946.1.ETV5::FOXI1	ETS_FOX
MA1947.1.ETV5::FOXO1	ETS_FOX
MA1950.1.FLI1::FOXI1	ETS_FOX
MA1953.1.FOXO1::ELF1	ETS_FOX
MA1954.1.FOXO1::ELK1	ETS_FOX
MA1955.1.FOXO1::ELK3	ETS_FOX
MA1956.1.FOXO1::FLI1	ETS_FOX
MA1523.1.MSANTD3	NKX_v2
MA1645.1.NKX2-2	NKX_v2
MA0063.2.NKX2-5	NKX_v2
MA1531.1.NR1D1	NR_DR2
MA1532.1.NR1D2	NR_DR2
MA1532.2.NR1D2	NR_DR2
MA1542.1.OSR1	OSR
MA1579.1.ZBTB26	ZBTB26
MA1593.1.ZNF317	ZNF317
MA1646.1.OSR2	OSR
MA1964.1.SMAD2	SMAD2
MA1546.1.PAX3	PAX_v1
MA1960.1.MGA::EVX1	MGA_EVX1
MA1552.1.RARB	NR_IR0
MA1553.1.RARG	NR_IR0
MA1555.1.RXRB	NR_IR0
MA1556.1.RXRG	NR_IR0
MA1554.1.RFX7	RFX
MA0799.2.RFX4	RFX
MA1573.1.THAP11	THAP11
MA1594.1.ZNF382	ZNF382
MA1597.1.ZNF528	ZNF528
MA1711.1.ZNF343	ZNF343
MA1654.1.ZNF16	ZNF16
MA1977.1.ZNF324	ZNF324
MA1576.1.THRB	THR
MA1969.1.THRA	THR
MA1599.1.ZNF682	ZNF682
MA1985.1.ZNF669	ZNF669
MA0594.2.HOXA9	HOXA9
MA1709.1.ZIM3	ZIM3
MA1647.1.PRDM4	PRDM4
MA1971.1.ZBED2	ZBED2
MA1713.1.ZNF610	ZNF610
MA1715.1.ZNF707	ZNF707
MA1721.1.ZNF93	ZNF93
MA1652.1.ZKSCAN5	ZKSCAN5
MA1655.1.ZNF341	ZNF341_ZNF189
MA1725.1.ZNF189	ZNF341_ZNF189
MA1730.1.ZNF708	ZNF708
MA0080.5.SPI1	SPI
MA0081.2.SPIB	SPI
MA1931.1.ELK1::HOXA1	ETS_HOX
MA1932.1.ELK1::HOXB13	ETS_HOX
MA1937.1.ERF::HOXB13	ETS_HOX
MA1957.1.HOXB2::ELK1	ETS_HOX
MA1958.1.HOXD12::ELK1	ETS_HOX
MA1934.1.ERF::FIGLA	ETS_FIG
MA1941.1.ETV2::FIGLA	ETS_FIG
MA1945.1.ETV5::FIGLA	ETS_FIG
MA1966.1.TFAP4::ETV1	ETS_FIG
MA1967.1.TFAP4::FLI1	ETS_FIG
MA1935.1.ERF::FOXI1	ETS_FOX
MA1952.1.FOXJ2::ELF1	ETS_FOX
MA1940.1.ETV2::DRGX	ETS_HOX_v2
MA1944.1.ETV5::DRGX	ETS_HOX_v2
MA1948.1.ETV5::HOXA2	ETS_HOX_v2
MA1949.1.FLI1::DRGX	ETS_HOX_v2
